{
    "loss": 17.436697006225586,
    "accuracy": 0.5179855823516846
}